{
  "roc_auc": 0.8256749076442171,
  "auc": 0.8256749076442171
}